Timestamp,Sender,Receiver,ChatGroup,Text
2024-01-28 09:00:00,John,Doe,Work Chat,It's in the revenue projections.
2024-01-28 09:13:00,Doe,John,Work Chat,"Okay, I'll cross-check with last quarter's data."
2024-01-28 09:30:00,Doe,John,Work Chat,Almost done! Just reviewing the last section.
2024-01-28 09:45:00,John,Doe,Work Chat,"Agreed, I'll send them a draft now."
2024-01-28 09:28:00,John,Doe,Work Chat,"Agreed, I'll send them a draft now."
2024-01-28 10:10:00,John,Doe,Work Chat,"Got it, I'll ensure everything is finalized before then."
2024-01-28 09:54:00,John,Doe,Work Chat,Let's have a quick review meeting later.
2024-01-28 10:31:00,Doe,John,Work Chat,"Got it, I'll ensure everything is finalized before then."
2024-01-28 10:20:00,John,Doe,Work Chat,How about 3 PM?
2024-01-28 10:21:00,Doe,John,Work Chat,Let's have a quick review meeting later.
2024-01-28 10:30:00,John,Doe,Work Chat,I’ll send you the final version soon.
2024-01-28 09:55:00,Doe,John,Work Chat,Almost done! Just reviewing the last section.
2024-01-28 10:48:00,John,Doe,Work Chat,We need to adjust the forecast slightly.
2024-01-28 10:05:00,Doe,John,Work Chat,"Okay, I'll cross-check with last quarter's data."
2024-01-28 10:10:00,John,Doe,Work Chat,I'll double-check the calculations too.
2024-01-28 11:45:00,John,Doe,Work Chat,We need to submit by 5 PM today.
2024-01-28 11:24:00,John,Doe,Work Chat,"Thanks, that should help clarify things."
2024-01-28 11:33:00,John,Doe,Work Chat,Almost done! Just reviewing the last section.
2024-01-28 11:24:00,Doe,John,Work Chat,I spotted a discrepancy in the data.
2024-01-28 12:10:00,Doe,John,Work Chat,It's in the revenue projections.
2024-01-28 11:20:00,Doe,John,Work Chat,I'll double-check the calculations too.
2024-01-28 13:33:00,Doe,John,Work Chat,"Thanks, that should help clarify things."
2024-01-28 14:08:00,Doe,John,Work Chat,We need to adjust the forecast slightly.
2024-01-28 12:50:00,John,Doe,Work Chat,Let's have a quick review meeting later.
2024-01-28 11:24:00,John,Doe,Work Chat,Will do! Thanks.
2024-01-28 12:45:00,Doe,John,Work Chat,I suggest we update the presentation slides.
2024-01-28 11:10:00,Doe,John,Work Chat,Let me take a look.
2024-01-28 13:30:00,John,Doe,Work Chat,I’ll send you the final version soon.
2024-01-28 15:04:00,John,Doe,Work Chat,We need to adjust the forecast slightly.
2024-01-28 12:52:00,John,Doe,Work Chat,I suggest we update the presentation slides.
2024-01-28 13:30:00,John,Doe,Work Chat,"Thanks, that should help clarify things."
2024-01-28 12:06:00,John,Doe,Work Chat,Great! Let me know if you need any help.
2024-01-28 13:48:00,John,Doe,Work Chat,"No problem, happy to assist."
2024-01-28 12:18:00,Doe,John,Work Chat,Great! Let me know if you need any help.
2024-01-28 16:56:00,Doe,John,Work Chat,Good idea! I'll handle that.
2024-01-28 14:50:00,John,Doe,Work Chat,We need to submit by 5 PM today.
2024-01-28 15:36:00,John,Doe,Work Chat,"Okay, I'll cross-check with last quarter's data."
2024-01-28 15:10:00,John,Doe,Work Chat,"No problem, happy to assist."
2024-01-28 12:10:00,Doe,John,Work Chat,I'll double-check the calculations too.
2024-01-28 18:06:00,Doe,John,Work Chat,"No problem, happy to assist."
2024-01-28 15:40:00,John,Doe,Work Chat,I spotted a discrepancy in the data.
2024-01-28 16:31:00,John,Doe,Work Chat,"Okay, I'll cross-check with last quarter's data."
2024-01-28 16:00:00,John,Doe,Work Chat,I’ll send you the final version soon.
2024-01-28 16:10:00,John,Doe,Work Chat,Almost done! Just reviewing the last section.
2024-01-28 16:20:00,John,Doe,Work Chat,Almost done! Just reviewing the last section.
2024-01-28 13:30:00,John,Doe,Work Chat,I suggest we update the presentation slides.
2024-01-28 14:22:00,Doe,John,Work Chat,I also added some notes for clarity.
2024-01-28 19:58:00,Doe,John,Work Chat,"Agreed, I'll send them a draft now."
2024-01-28 21:00:00,Doe,John,Work Chat,Good idea! I'll handle that.
2024-01-28 21:15:00,Doe,John,Work Chat,I’ll send you the final version soon.
2024-01-28 14:50:00,Doe,John,Work Chat,"Okay, I'll cross-check with last quarter's data."
2024-01-28 21:45:00,John,Doe,Work Chat,"Okay, I'll cross-check with last quarter's data."
2024-01-28 18:32:00,John,Doe,Work Chat,I also added some notes for clarity.
2024-01-28 17:50:00,John,Doe,Work Chat,"Hey, how's the report coming along?"
2024-01-28 13:30:00,Doe,John,Work Chat,I’ll send you the final version soon.
2024-01-28 17:15:00,John,Doe,Work Chat,I think we need to finalize the numbers.
2024-01-28 18:20:00,John,Doe,Work Chat,"Sure, what time works for you?"
2024-01-28 20:24:00,John,Doe,Work Chat,I spotted a discrepancy in the data.
2024-01-28 17:42:00,Doe,John,Work Chat,We need to submit by 5 PM today.
2024-01-28 15:53:00,Doe,John,Work Chat,We need to adjust the forecast slightly.
2024-01-28 22:00:00,John,Doe,Work Chat,I'll double-check the calculations too.
2024-01-28 14:05:00,Doe,John,Work Chat,"Agreed, I'll send them a draft now."
2024-01-28 16:14:00,John,Doe,Work Chat,"Agreed, I'll send them a draft now."
2024-01-28 14:15:00,Doe,John,Work Chat,"No problem, happy to assist."
2024-01-28 16:28:00,Doe,John,Work Chat,I suggest we update the presentation slides.
2024-01-29 00:10:00,John,Doe,Work Chat,"Got it, I'll ensure everything is finalized before then."
2024-01-28 17:48:00,Doe,John,Work Chat,We need to adjust the forecast slightly.
2024-01-28 20:10:00,John,Doe,Work Chat,Great! Let me know if you need any help.
2024-01-28 21:28:00,Doe,John,Work Chat,Let's also get feedback from the finance team.
2024-01-28 21:39:00,John,Doe,Work Chat,"Okay, I'll cross-check with last quarter's data."
2024-01-28 18:20:00,Doe,John,Work Chat,I'll double-check the calculations too.
2024-01-28 22:01:00,Doe,John,Work Chat,Sounds good!
2024-01-28 15:00:00,Doe,John,Work Chat,I spotted a discrepancy in the data.
2024-01-29 00:49:00,Doe,John,Work Chat,I suggest we update the presentation slides.
2024-01-28 17:38:00,Doe,John,Work Chat,Let's also get feedback from the finance team.
2024-01-29 02:30:00,Doe,John,Work Chat,Sounds good!
2024-01-29 04:00:00,John,Doe,Work Chat,I spotted a discrepancy in the data.
2024-01-29 00:24:00,John,Doe,Work Chat,"Hey, how's the report coming along?"
2024-01-28 16:48:00,Doe,John,Work Chat,I think we need to finalize the numbers.
2024-01-29 04:45:00,John,Doe,Work Chat,I think we need to finalize the numbers.
2024-01-28 19:40:00,Doe,John,Work Chat,"Agreed, I'll send them a draft now."
2024-01-29 01:12:00,Doe,John,Work Chat,I’ll send you the final version soon.
2024-01-28 19:56:00,Doe,John,Work Chat,Good idea! I'll handle that.
2024-01-28 15:55:00,Doe,John,Work Chat,Great! Let me know if you need any help.
2024-01-29 06:00:00,Doe,John,Work Chat,Sounds good!
2024-01-28 21:45:00,John,Doe,Work Chat,I also added some notes for clarity.
2024-01-28 19:02:00,John,Doe,Work Chat,I'll double-check the calculations too.
2024-01-28 17:42:00,Doe,John,Work Chat,"Yes, I confirmed the figures."
2024-01-29 07:00:00,Doe,John,Work Chat,Let me take a look.
2024-01-28 19:23:00,John,Doe,Work Chat,I suggest we update the presentation slides.
2024-01-28 16:30:00,John,Doe,Work Chat,Did you check the budget allocation?
2024-01-29 07:45:00,Doe,John,Work Chat,"Sure, what time works for you?"
2024-01-29 00:20:00,John,Doe,Work Chat,We need to adjust the forecast slightly.
2024-01-28 22:57:00,John,Doe,Work Chat,"Yes, I confirmed the figures."
2024-01-29 05:22:00,John,Doe,Work Chat,Great! Let me know if you need any help.
2024-01-29 08:45:00,John,Doe,Work Chat,"Thanks, that should help clarify things."
2024-01-29 02:36:00,Doe,John,Work Chat,Almost done! Just reviewing the last section.
2024-01-29 01:10:00,Doe,John,Work Chat,It's in the revenue projections.
2024-01-29 07:52:00,John,Doe,Work Chat,Will do! Thanks.
2024-01-29 06:27:00,John,Doe,Work Chat,I also added some notes for clarity.
2024-01-29 01:40:00,Doe,John,Work Chat,"Sure, what time works for you?"
2024-01-29 03:31:00,Doe,John,Work Chat,"Thanks, that should help clarify things."
2024-01-28 20:54:00,Doe,John,Work Chat,"Thanks, that should help clarify things."
2024-01-28 22:44:00,John,Doe,Work Chat,Let's also get feedback from the finance team.
2024-01-29 04:04:00,John,Doe,Work Chat,It's in the revenue projections.
2024-01-28 23:00:00,John,Doe,Work Chat,"Thanks, that should help clarify things."
2024-01-29 00:54:00,John,Doe,Work Chat,I spotted a discrepancy in the data.
2024-01-29 09:58:00,John,Doe,Work Chat,I'll double-check the calculations too.
2024-01-29 10:12:00,Doe,John,Work Chat,I'll double-check the calculations too.
2024-01-28 21:43:00,Doe,John,Work Chat,I also added some notes for clarity.
2024-01-29 01:30:00,John,Doe,Work Chat,"Yes, I confirmed the figures."
2024-01-29 05:21:00,John,Doe,Work Chat,Will do! Thanks.
2024-01-29 01:48:00,Doe,John,Work Chat,I'll double-check the calculations too.
2024-01-29 01:57:00,Doe,John,Work Chat,"No problem, happy to assist."
2024-01-29 05:54:00,Doe,John,Work Chat,It's in the revenue projections.
2024-01-28 18:35:00,Doe,John,Work Chat,I’ll send you the final version soon.
2024-01-29 04:20:00,Doe,John,Work Chat,We need to submit by 5 PM today.
2024-01-28 22:39:00,John,Doe,Work Chat,How about 3 PM?
2024-01-29 04:40:00,Doe,John,Work Chat,"Got it, I'll ensure everything is finalized before then."
2024-01-28 18:55:00,John,Doe,Work Chat,Did you check the budget allocation?
2024-01-29 03:00:00,Doe,John,Work Chat,We need to submit by 5 PM today.
2024-01-29 15:15:00,Doe,John,Work Chat,I'll double-check the calculations too.
2024-01-29 15:30:00,Doe,John,Work Chat,I'll double-check the calculations too.
2024-01-29 13:42:00,John,Doe,Work Chat,"Hey, how's the report coming along?"
2024-01-29 05:40:00,John,Doe,Work Chat,I think we need to finalize the numbers.
2024-01-29 14:10:00,John,Doe,Work Chat,I'll double-check the calculations too.
2024-01-29 03:54:00,Doe,John,Work Chat,"Thanks, that should help clarify things."
2024-01-29 06:10:00,Doe,John,Work Chat,I suggest we update the presentation slides.
2024-01-29 02:04:00,John,Doe,Work Chat,I suggest we update the presentation slides.
2024-01-28 21:54:00,Doe,John,Work Chat,Let's also get feedback from the finance team.
2024-01-29 15:20:00,Doe,John,Work Chat,I suggest we update the presentation slides.
2024-01-29 06:50:00,Doe,John,Work Chat,Almost done! Just reviewing the last section.
2024-01-29 00:24:00,John,Doe,Work Chat,I'll double-check the calculations too.
2024-01-29 09:23:00,Doe,John,Work Chat,"Yes, I confirmed the figures."
2024-01-29 16:16:00,John,Doe,Work Chat,Let's also get feedback from the finance team.
2024-01-29 09:45:00,John,Doe,Work Chat,We need to adjust the forecast slightly.
2024-01-29 14:28:00,John,Doe,Work Chat,We need to submit by 5 PM today.
2024-01-29 12:24:00,Doe,John,Work Chat,Let me take a look.
2024-01-29 14:54:00,Doe,John,Work Chat,I’ll send you the final version soon.
2024-01-28 22:54:00,John,Doe,Work Chat,Will do! Thanks.
2024-01-29 17:40:00,John,Doe,Work Chat,We need to adjust the forecast slightly.
2024-01-29 06:09:00,Doe,John,Work Chat,I’ll send you the final version soon.
2024-01-29 13:24:00,John,Doe,Work Chat,Great! Let me know if you need any help.
2024-01-29 13:36:00,John,Doe,Work Chat,"Got it, I'll ensure everything is finalized before then."
2024-01-28 23:24:00,Doe,John,Work Chat,We need to submit by 5 PM today.
2024-01-29 06:45:00,Doe,John,Work Chat,"Hey, how's the report coming along?"
2024-01-28 23:36:00,Doe,John,Work Chat,Let's have a quick review meeting later.
2024-01-29 09:30:00,John,Doe,Work Chat,"Yes, I confirmed the figures."
2024-01-29 22:00:00,John,Doe,Work Chat,I suggest we update the presentation slides.
2024-01-29 07:21:00,John,Doe,Work Chat,I think we need to finalize the numbers.
